hotel_name,source_url,official_url,hotel_class,minprice,maxprice,address,lat,lon,number_of_room,number_of_floor,year_property_opened,most_recent_renovation
The Grand SaiGon Centre,https://www.tripadvisor.com/Hotel_Review-g293925-d20051675-Reviews-The_Grand_SaiGon_Centre-Ho_Chi_Minh_City.html,,,,,"151 Ben Van Don Block B District 4, Ho Chi Minh City Vietnam",10.76277,106.6989,,,,
Queen Central Hotel 2,https://www.tripadvisor.com/Hotel_Review-g293925-d19656187-Reviews-Queen_Central_Hotel_2-Ho_Chi_Minh_City.html,,,,,"10C Thai Van Lung Street, Ho Chi Minh City 700000 Vietnam",10.77974,106.70414,,,,
Holiday Republic Saigon Airport,https://www.tripadvisor.com/Hotel_Review-g293925-d21198998-Reviews-Holiday_Republic_Saigon_Airport-Ho_Chi_Minh_City.html,,,,,"18E Cong Hoa, Ho Chi Minh City Vietnam",10.801842,106.654976,,,,
Dao Hung Hotel Saigon,https://www.tripadvisor.com/Hotel_Review-g293925-d4107304-Reviews-Dao_Hung_Hotel_Saigon-Ho_Chi_Minh_City.html,,,,,"40 Binh Gia, Ward 13 Tan Son Nhat International Airport, Ho Chi Minh City 70000 Vietnam",10.811048,106.71249,,,,
OYO 1079 Lan Thai Ngoc Hotel,https://www.tripadvisor.com/Hotel_Review-g293925-d21135711-Reviews-OYO_1079_Lan_Thai_Ngoc_Hotel-Ho_Chi_Minh_City.html,,,,,"So 29 Duong 2, KDC Cong Ich Quan 4, Phuong Phu My, Quan 7, Ho Chi Minh City 700000 Vietnam",null,null,,,,
Sharon Hotel,https://www.tripadvisor.com/Hotel_Review-g293925-d11873700-Reviews-Sharon_Hotel-Ho_Chi_Minh_City.html,,,,,"4, C1 Street Ward 13, Tan Binh District, Ho Chi Minh City 70000 Vietnam",10.80362,106.64588,,,,
Specious Studio at SG Center,https://www.tripadvisor.com/Hotel_Review-g293925-d17650157-Reviews-Specious_Studio_at_SG_Center-Ho_Chi_Minh_City.html,,,,,"17 Thach Thi Thanh, Ho Chi Minh City Vietnam",10.79001,106.69321,,,,
Scandinavian Apartment With Balcony in Bui Vien,https://www.tripadvisor.com/Hotel_Review-g293925-d21302172-Reviews-Scandinavian_Apartment_With_Balcony_in_Bui_Vien-Ho_Chi_Minh_City.html,,,,,"6 Bui Vien, Quan 1, Ho Chi Minh City Vietnam",10.76802,106.695,,,,
Happyhomes Hotel & Apartment,https://www.tripadvisor.com/Hotel_Review-g293925-d19656177-Reviews-Happyhomes_Hotel_Apartment-Ho_Chi_Minh_City.html,,,,,"102/42 Cong Quynh Street, D1, Ho Chi Minh City 700000 Vietnam",10.76491,106.69095,,,,
Casita Apartment,https://www.tripadvisor.com/Hotel_Review-g293925-d21302102-Reviews-Casita_Apartment-Ho_Chi_Minh_City.html,,,,,"142/38 Nguyen Thi Thap, Ho Chi Minh City Vietnam",10.738248,106.719666,,,,
Expo Scenic Valley,https://www.tripadvisor.com/Hotel_Review-g293925-d21302093-Reviews-Expo_Scenic_Valley-Ho_Chi_Minh_City.html,,,,,"Scenic Valley, Phu My Hung, Ho Chi Minh City Vietnam",10.73143,106.71734,,,,
Cathay Hotel,https://www.tripadvisor.com/Hotel_Review-g293925-d17547171-Reviews-Cathay_Hotel-Ho_Chi_Minh_City.html,,,,,"So 17a 17b Du Ong 494 Le Van Viet, Ho Chi Minh City Vietnam",10.84688,106.80025,,,,
An Nhien Hotel Apartment - To Hien Thanh,https://www.tripadvisor.com/Hotel_Review-g293925-d21507812-Reviews-An_Nhien_Hotel_Apartment_To_Hien_Thanh-Ho_Chi_Minh_City.html,,,,,"156/7Q/3 To Hien Thanh, Phuong 15, Quan 10, Ho Chi Minh City Vietnam",10.781905,106.66742,,,,
OYO 967 Huu Loc Hotel,https://www.tripadvisor.com/Hotel_Review-g293925-d13072142-Reviews-OYO_967_Huu_Loc_Hotel-Ho_Chi_Minh_City.html,,,,,"203, Quoc Lo 1A, Phuong 26, Ho Chi Minh City 700000 Vietnam",10.8157,106.71199,,,,
Bachaly Hotel,https://www.tripadvisor.com/Hotel_Review-g293925-d12866368-Reviews-Bachaly_Hotel-Ho_Chi_Minh_City.html,,,,,"54 Dong Ho Street, District 8, Ho Chi Minh City Vietnam",10.783616,106.65307,,,,
Unihouse,https://www.tripadvisor.com/Hotel_Review-g293925-d19913232-Reviews-Unihouse-Ho_Chi_Minh_City.html,,,,,"6/9 Cach Mang Thang 8, Phuong Ben Thanh, Ho Chi Minh City Vietnam",10.772142,106.69152,,,,
Nhi Nhi Hotel,https://www.tripadvisor.com/Hotel_Review-g293925-d21131860-Reviews-Nhi_Nhi_Hotel-Ho_Chi_Minh_City.html,,,,,"No. 57 - 59, Street No. 6, Trung Son Residence Area, Ho Chi Minh City 70000 Vietnam",null,null,,,,
New Milano Hotel,https://www.tripadvisor.com/Hotel_Review-g293925-d23976742-Reviews-New_Milano_Hotel-Ho_Chi_Minh_City.html,,,,,"Tân Phong Quận 7 R4-67-68-69 đường Nội Khu Hưng Phước 4, Ho Chi Minh City Vietnam",10.730604,106.707085,,,,
Saigon South Residence 2,https://www.tripadvisor.com/Hotel_Review-g293925-d23806385-Reviews-Saigon_South_Residence_2-Ho_Chi_Minh_City.html,,,,,"R4-35 Hung Phuoc 4, Phu My Hung,Tan Phong Ward, District 7, Ho Chi Minh City 700000 Vietnam",10.731863,106.70886,,,,
Secc Hotel,https://www.tripadvisor.com/Hotel_Review-g293925-d17649956-Reviews-Secc_Hotel-Ho_Chi_Minh_City.html,,3.0 of 5 stars,,,"R4 76 Hung Gia 1 Tan Phong ward, Dist7, Ho Chi Minh City 700000 Vietnam",10.7736,106.70353,,,,
Bach Hac Hotel,https://www.tripadvisor.com/Hotel_Review-g293925-d21507683-Reviews-Bach_Hac_Hotel-Ho_Chi_Minh_City.html,,,,,"34/9 Đuong So 16, Ho Chi Minh City Vietnam",10.853204,106.749344,,,,
J-House Do Quang Dau,https://www.tripadvisor.com/Hotel_Review-g293925-d12917700-Reviews-J_House_Do_Quang_Dau-Ho_Chi_Minh_City.html,,2.0 of 5 stars,,,"26/50Bis Do Quang Dau, Ho Chi Minh City Vietnam",10.76688,106.69093,,,,
Kawaii Home,https://www.tripadvisor.com/Hotel_Review-g293925-d23359392-Reviews-Kawaii_Home-Ho_Chi_Minh_City.html,,,,,"27B Nguyen Đinh Chieu, 27b/7 Nguyen đinh Chieu Đa Kao Quan 1 27b/7, Ho Chi Minh City Vietnam",10.787942,106.69939,,,,
Asian Ruby Central Point Hotel 2,https://www.tripadvisor.com/Hotel_Review-g293925-d21404781-Reviews-Asian_Ruby_Central_Point_Hotel_2-Ho_Chi_Minh_City.html,,,,,"51 Thu Khoa Huan, Ho Chi Minh City 700000 Vietnam",10.774359,106.6966,,,,
The Fuji Landmark 2,https://www.tripadvisor.com/Hotel_Review-g293925-d24799593-Reviews-The_Fuji_Landmark_2-Ho_Chi_Minh_City.html,,3.0 of 5 stars,,,"Alley 40, No. 40/8 Pham Viet Chanh Ward 19, Ho Chi Minh City 700000 Vietnam",10.789819,106.71022,,,,
Saigon Free Swimming Pool,https://www.tripadvisor.com/Hotel_Review-g293925-d21301876-Reviews-Saigon_Free_Swimming_Pool-Ho_Chi_Minh_City.html,,,,,"91 Nguyen Huu Canh The Manor 1, AW404, Ho Chi Minh City Vietnam",10.793517,106.71781,,,,
Private Room In Cozy Apartment In District 2,https://www.tripadvisor.com/Hotel_Review-g293925-d20878739-Reviews-Private_Room_In_Cozy_Apartment_In_District_2-Ho_Chi_Minh_City.html,,,,,"Nguyen Van Huong, Ho Chi Minh City Vietnam",10.810618,106.7308,,,,
OYO 1102 Tra My Hotel,https://www.tripadvisor.com/Hotel_Review-g293925-d21135915-Reviews-OYO_1102_Tra_My_Hotel-Ho_Chi_Minh_City.html,,,,,"41 Ly Chinh Thang, Phuong 08, Quan 3, Ho Chi Minh City 700000 Vietnam",null,null,,,,
BnB Hostel,https://www.tripadvisor.com/Hotel_Review-g293925-d20787466-Reviews-BnB_Hostel-Ho_Chi_Minh_City.html,,,,,"191 Bui Vien Tang 2 3, Ho Chi Minh City Vietnam",10.765781,106.691025,,,,
Kiko Pictures House,https://www.tripadvisor.com/Hotel_Review-g293925-d24799547-Reviews-Kiko_Pictures_House-Ho_Chi_Minh_City.html,,3.0 of 5 stars,,,"5B1 Thai Van Lung Phuong Ben Nghe, Quan 1, Ho Chi Minh City Vietnam",10.7795,106.70485,,,,
Truong Son Hotel,https://www.tripadvisor.com/Hotel_Review-g293925-d19707258-Reviews-Truong_Son_Hotel-Ho_Chi_Minh_City.html,,,,,"199 Cong Hoa, Phuong 13, Ho Chi Minh City Vietnam",null,null,,,,
Venice 1 Hotel,https://www.tripadvisor.com/Hotel_Review-g293925-d21404492-Reviews-Venice_1_Hotel-Ho_Chi_Minh_City.html,,2.0 of 5 stars,,,"74 Dường Số 7 Khu Dân Cư Trung Sơn, Ho Chi Minh City 700000 Vietnam",10.737267,106.69012,,,,
CityHouse - Kim Nguyen Apartment & Hotel,https://www.tripadvisor.com/Hotel_Review-g293925-d21507550-Reviews-CityHouse_Kim_Nguyen_Apartment_Hotel-Ho_Chi_Minh_City.html,,,,,"3 Truong Quoc Dung, Ho Chi Minh City Vietnam",10.799058,106.67299,,,,
RedDoorz Premium @ Nguyen Thai Son Street,https://www.tripadvisor.com/Hotel_Review-g293925-d15129323-Reviews-RedDoorz_Premium_Nguyen_Thai_Son_Street-Ho_Chi_Minh_City.html,,3.0 of 5 stars,,,"212-214 Nguyen Thai Son Street Ward 4, Go Vap District, Ho Chi Minh City 700000 Vietnam",10.82019,106.68358,,,,
Fuji Landmark 3,https://www.tripadvisor.com/Hotel_Review-g293925-d21404703-Reviews-Fuji_Landmark_3-Ho_Chi_Minh_City.html,,,,,"166-168 Nam Kỳ Khởi Nghĩa, Phường 6, Quận 3, Ho Chi Minh City Vietnam",10.779986,106.69466,,,,
My Khuyen Hotel,https://www.tripadvisor.com/Hotel_Review-g293925-d7193745-Reviews-My_Khuyen_Hotel-Ho_Chi_Minh_City.html,,,,,"476B Tran Hung Dao Ward 2, District 5, Ho Chi Minh City 70000 Vietnam",10.78108,106.70536,,,,
Minnie & Beau Hotel,https://www.tripadvisor.com/Hotel_Review-g293925-d19912995-Reviews-Minnie_Beau_Hotel-Ho_Chi_Minh_City.html,,,,,"217/34/6 De Tham Street Pham Ngu Lao Ward, District 1, Ho Chi Minh City Vietnam",10.767989,106.69316,,,,
Sky Hotel,https://www.tripadvisor.com/Hotel_Review-g293925-d23410710-Reviews-Sky_Hotel-Ho_Chi_Minh_City.html,,3.0 of 5 stars,,,"26/14 Do Quang Dau Str, Pham Ngu Lao Ward, Dist.1, Ho Chi Minh City Vietnam",10.766875,106.69129,,,,
Venus - Mien Phi Dua Don San Bay,https://www.tripadvisor.com/Hotel_Review-g293925-d21301790-Reviews-Venus_Mien_Phi_Dua_Don_San_Bay-Ho_Chi_Minh_City.html,,,,,"1A Bach Dang, Ward 2, Ho Chi Minh City Vietnam",10.814787,106.67035,,,,
Nguyen Duc Hotel,https://www.tripadvisor.com/Hotel_Review-g293925-d7193757-Reviews-Nguyen_Duc_Hotel-Ho_Chi_Minh_City.html,,,,,"A75/6 Bach Dang Street, Ward 2, Tan Binh District, Ho Chi Minh City 70000 Vietnam",10.81436,106.67088,,,,
Life Resort Management,https://www.tripadvisor.com/Hotel_Review-g293925-d7193758-Reviews-Life_Resort_Management-Ho_Chi_Minh_City.html,,,,,"28 64, Pho Quang Ward 2, Tan Binh District, Ho Chi Minh City 70000 Vietnam",10.80601,106.66904,,,,
Boholand Hostel and Cafe,https://www.tripadvisor.com/Hotel_Review-g293925-d20787409-Reviews-Boholand_Hostel_and_Cafe-Ho_Chi_Minh_City.html,,,,,"39/18 Nguyen Trai, Ho Chi Minh City Vietnam",10.770344,106.69277,,,,
Luxury Apartment in Vinhomes,https://www.tripadvisor.com/Hotel_Review-g293925-d25056678-Reviews-Luxury_Apartment_in_Vinhomes-Ho_Chi_Minh_City.html,,,,,"208 Nguyen Huu Canh Street, Ho Chi Minh City 76000 Vietnam",10.795542,106.71917,,,,
Van Huynh,https://www.tripadvisor.com/Hotel_Review-g293925-d23513565-Reviews-Van_Huynh-Ho_Chi_Minh_City.html,,,,,"77 Bic Dường 3/2 Phường 4 32 Thiên Thành, Ho Chi Minh City Vietnam",10.765341,106.66273,,,,
The Cabin,https://www.tripadvisor.com/Hotel_Review-g293925-d20154886-Reviews-The_Cabin-Ho_Chi_Minh_City.html,,,,,"150/15 Nguyen Trai, Ho Chi Minh City Vietnam",10.769867,106.690025,,,,
Stay In Vietnam River Gate,https://www.tripadvisor.com/Hotel_Review-g293925-d25056668-Reviews-Stay_In_Vietnam_River_Gate-Ho_Chi_Minh_City.html,,,,,"151-155 Ben Van Don, Ho Chi Minh City 700000 Vietnam",10.762289,106.69902,,,,
Ngoc Thanh Hotel,https://www.tripadvisor.com/Hotel_Review-g293925-d21507443-Reviews-Ngoc_Thanh_Hotel-Ho_Chi_Minh_City.html,,,,,"181 Duong Nguyen Gia Tri, Ho Chi Minh City Vietnam",10.806054,106.71589,,,,
Wonder Hotel,https://www.tripadvisor.com/Hotel_Review-g293925-d21507435-Reviews-Wonder_Hotel-Ho_Chi_Minh_City.html,,,,,"Duong So 1 P5-31, Ho Chi Minh City Vietnam",10.773634,106.69728,,,,
Snow Garden Building,https://www.tripadvisor.com/Hotel_Review-g293925-d15783172-Reviews-Snow_Garden_Building-Ho_Chi_Minh_City.html,,,,,"269 Nguyen, Ho Chi Minh City Vietnam",10.80647,106.68426,,,,
Khach San Dai Lac 1,https://www.tripadvisor.com/Hotel_Review-g293925-d17546757-Reviews-Khach_San_Dai_Lac_1-Ho_Chi_Minh_City.html,,,,,"116 Duong So 5, Ho Chi Minh City Vietnam",10.7768,106.65256,,,,
Nhat Van Hotel,https://www.tripadvisor.com/Hotel_Review-g293925-d15232051-Reviews-Nhat_Van_Hotel-Ho_Chi_Minh_City.html,,,,,"Tran Thien Chanh, P. 12, Q. 10, Ho Chi Minh City Vietnam",10.69211,106.57657,,,,
Value Hotel,https://www.tripadvisor.com/Hotel_Review-g293925-d12711577-Reviews-Value_Hotel-Ho_Chi_Minh_City.html,,,,,"5, Street 7, Ward 3, Go Vap District, Ho Chi Minh City Vietnam",10.85193,106.65375,,,,
Phat Homestay,https://www.tripadvisor.com/Hotel_Review-g293925-d12454391-Reviews-Phat_Homestay-Ho_Chi_Minh_City.html,,,,,"247/33 Lac Long Quan, District 11, Ho Chi Minh City Vietnam",10.759134,106.64141,,,,
CityHouse - CityLight Apartment & Hotel,https://www.tripadvisor.com/Hotel_Review-g293925-d21507281-Reviews-CityHouse_CityLight_Apartment_Hotel-Ho_Chi_Minh_City.html,,,,,"1/6 Hoàng Việt, Phường 4, Ho Chi Minh City Vietnam",10.797366,106.659775,,,,
Khach san 7 Ngoi Sao,https://www.tripadvisor.com/Hotel_Review-g293925-d23358990-Reviews-Khach_san_7_Ngoi_Sao-Ho_Chi_Minh_City.html,,,,,"1490 Truong Sa, Phuong 3, Quan Tan Binh, Ho Chi Minh City Vietnam",10.793464,106.65969,,,,
MHome Hoang Ha,https://www.tripadvisor.com/Hotel_Review-g293925-d17649435-Reviews-MHome_Hoang_Ha-Ho_Chi_Minh_City.html,,,,,"210 Hong Ha, Ho Chi Minh City Vietnam",10.81344,106.66585,,,,
RedDoorz near Him Lam,https://www.tripadvisor.com/Hotel_Review-g293925-d21249976-Reviews-RedDoorz_near_Him_Lam-Ho_Chi_Minh_City.html,,2.0 of 5 stars,,,"153-155 Nguyen Thi Thap Street, Him Lam Residential Area Tan Hung Ward, District 7, Ho Chi Minh City 700000 Vietnam",10.74094,106.6954,,,,
Phong Cao Cap - 543/65 Nguyen Dinh Chieu,https://www.tripadvisor.com/Hotel_Review-g293925-d19721706-Reviews-Phong_Cao_Cap_543_65_Nguyen_Dinh_Chieu-Ho_Chi_Minh_City.html,,,,,"543/65 Nguyen Dinh Chieu, Ho Chi Minh City Vietnam",10.767595,106.68174,,,,
Duco Homestay,https://www.tripadvisor.com/Hotel_Review-g293925-d13431504-Reviews-Duco_Homestay-Ho_Chi_Minh_City.html,,,,,"Lo F Chung Cu Phan Xich Long, Phuong 7, Quan Phu Nhuan, Ho Chi Minh City Vietnam",10.801743,106.68328,,,,
Helio Saigon Apartments,https://www.tripadvisor.com/Hotel_Review-g293925-d13328629-Reviews-Helio_Saigon_Apartments-Ho_Chi_Minh_City.html,,3.0 of 5 stars,,,"328 Vo Van Kiet Central Garden Apartment Building, Co Giang Ward, District 1, Ho Chi Minh City 70000 Vietnam",10.761694,106.69557,,,,
Dazi Signature,https://www.tripadvisor.com/Hotel_Review-g293925-d26533457-Reviews-Dazi_Signature-Ho_Chi_Minh_City.html,,,,,"23 Trương Định, Ho Chi Minh City 10000 Vietnam",10.771609,106.69623,,,,
Hera Hotel,https://www.tripadvisor.com/Hotel_Review-g293925-d20941263-Reviews-Hera_Hotel-Ho_Chi_Minh_City.html,,,,,"So 06, Song Da, Phuong 2, Ho Chi Minh City Vietnam",10.806197,106.66496,,,,
La Cigale Residence,https://www.tripadvisor.com/Hotel_Review-g293925-d13997046-Reviews-La_Cigale_Residence-Ho_Chi_Minh_City.html,,2.0 of 5 stars,,,"37-39 Hung Gia 1 Phu My Hung, Phuong Tan Phong, Quan 7, Ho Chi Minh City Vietnam",10.74694,106.65386,,,,
RedDoorz AHA Residence Hotel Dien Bien Phu,https://www.tripadvisor.com/Hotel_Review-g293925-d25379581-Reviews-RedDoorz_AHA_Residence_Hotel_Dien_Bien_Phu-Ho_Chi_Minh_City.html,,2.0 of 5 stars,,,"284 Dien Bien Phu Street, Ho Chi Minh City 100000 Vietnam",10.7993,106.70667,,,,
Phu Gia Bui Vien Hotel,https://www.tripadvisor.com/Hotel_Review-g293925-d26533107-Reviews-Phu_Gia_Bui_Vien_Hotel-Ho_Chi_Minh_City.html,,,,,"175/21 Phạm Ngũ Lão, Ho Chi Minh City 700000 Vietnam",10.76841,106.69452,,,,
Bin Bin Hotel 5,https://www.tripadvisor.com/Hotel_Review-g293925-d13276954-Reviews-Bin_Bin_Hotel_5-Ho_Chi_Minh_City.html,,3.0 of 5 stars,,,"42, Street 73 District 7, Ho Chi Minh City 70130 Vietnam",10.77707,106.70459,,,,
Ais Apartment,https://www.tripadvisor.com/Hotel_Review-g293925-d17638642-Reviews-Ais_Apartment-Ho_Chi_Minh_City.html,,,,,"Kdc Nine South, 37 Duong So 7, Phuoc Kieng, Nha Be, Ho Chi Minh City Vietnam",10.694412,106.72288,,,,
Hamonica Thao Dien Apartment,https://www.tripadvisor.com/Hotel_Review-g293925-d22844460-Reviews-Hamonica_Thao_Dien_Apartment-Ho_Chi_Minh_City.html,,,,,"5/20 Duong 64, Thao Dien, Quan 2 Room 09, Thao Dien Apartment, Ho Chi Minh City Vietnam",10.81327,106.72961,,,,
Begin Inn,https://www.tripadvisor.com/Hotel_Review-g293925-d15231768-Reviews-Begin_Inn-Ho_Chi_Minh_City.html,,,,,"1 Luong Huu Khanh Street, District 1, Ho Chi Minh City Vietnam",10.76804,106.68849,,,,
Vien Dong Hotel,https://www.tripadvisor.com/Hotel_Review-g293925-d24130354-Reviews-Vien_Dong_Hotel-Ho_Chi_Minh_City.html,,,,,"Hưng Phước 3 PHÚ MỸ, HƯNG , p, Quận 7, Ho Chi Minh City Vietnam",10.73017,106.70801,,,,
SumHouse SaiGon Citypoint,https://www.tripadvisor.com/Hotel_Review-g293925-d12248404-Reviews-SumHouse_SaiGon_Citypoint-Ho_Chi_Minh_City.html,,,,,"55/11 Le Thi Hong Gam, Nguyen Thai Binh Ward, District 1, Ho Chi Minh City Vietnam",10.770014,106.69901,,,,
Millennium Saigon Riverside,https://www.tripadvisor.com/Hotel_Review-g293925-d22844413-Reviews-Millennium_Saigon_Riverside-Ho_Chi_Minh_City.html,,,,,"B2201, Số 132 Bến Vân Đồn, Phường 6, Quận 4 Millennium Masteri, Ho Chi Minh City Vietnam",10.763508,106.69945,,,,
Daisy Apartment 2&3 Bedrooms - Vinhomes Serviced Apartments Luxhome,https://www.tripadvisor.com/Hotel_Review-g293925-d22844409-Reviews-Daisy_Apartment_2_3_Bedrooms_Vinhomes_Serviced_Apartments_Luxhome-Ho_Chi_Minh_City.html,,,,,"208 Nguyễn Hữu Cảnh Vinhomes Central Park, Ho Chi Minh City Vietnam",10.795053,106.7196,,,,
Brand-New Luxury Apartment,https://www.tripadvisor.com/Hotel_Review-g293925-d22844392-Reviews-Brand_New_Luxury_Apartment-Ho_Chi_Minh_City.html,,,,,"Le Van Sy Road, Phuong 14, Quan 3, Ho Chi Minh City Vietnam",10.790117,106.67697,,,,
Nina Home,https://www.tripadvisor.com/Hotel_Review-g293925-d22844387-Reviews-Nina_Home-Ho_Chi_Minh_City.html,,,,,"114/9 Duong De Tham, District 1, Ho Chi Minh City Vietnam",10.76259,106.69653,,,,
Khong Minh Trang,https://www.tripadvisor.com/Hotel_Review-g293925-d12248352-Reviews-Khong_Minh_Trang-Ho_Chi_Minh_City.html,,,,,"237/42/36 Hoang Dieu, Ho Chi Minh City Vietnam",10.7891,106.59685,,,,
Charmaine's Hotel & Apartment,https://www.tripadvisor.com/Hotel_Review-g293925-d20323924-Reviews-Charmaine_s_Hotel_Apartment-Ho_Chi_Minh_City.html,,,,,"26-28 Noi Khu Hung Gia 1 Tan Phong Ward, District 7, Ho Chi Minh City 70000 Vietnam",10.733501,106.70925,,,,
G-Hostel,https://www.tripadvisor.com/Hotel_Review-g293925-d15217933-Reviews-G_Hostel-Ho_Chi_Minh_City.html,,2.0 of 5 stars,,,"105 Pham Ngu Lao District 1, Ho Chi Minh City 700000 Vietnam",10.76972,106.69608,,,,
Phu An Hotel,https://www.tripadvisor.com/Hotel_Review-g293925-d26496289-Reviews-Phu_An_Hotel-Ho_Chi_Minh_City.html,,,,,"16 Đ. Lê Đức Thọ, Phường 7, Ho Chi Minh City 70000 Vietnam",10.830948,106.68233,,,,
RedDoorz @ Dong Du Street,https://www.tripadvisor.com/Hotel_Review-g293925-d25379592-Reviews-RedDoorz_Dong_Du_Street-Ho_Chi_Minh_City.html,,,,,"30 Dong Du Ben Thanh Ward, District 1, Ho Chi Minh City 700000 Vietnam",null,null,,,,
OYO 878 Goldenhome,https://www.tripadvisor.com/Hotel_Review-g293925-d20309871-Reviews-OYO_878_Goldenhome-Ho_Chi_Minh_City.html,,,,,"829, Huynh Tan Phat Street, Phu Thuan Ward, District 7, Ho Chi Minh City 700000 Vietnam",10.732514,106.731544,,,,
GoDa Home,https://www.tripadvisor.com/Hotel_Review-g293925-d21393495-Reviews-GoDa_Home-Ho_Chi_Minh_City.html,,,,,"151 Ben Van Don B33.03 River Gate Residence, Ho Chi Minh City Vietnam",10.76277,106.6989,,,,
Min Apartment,https://www.tripadvisor.com/Hotel_Review-g293925-d25055908-Reviews-Min_Apartment-Ho_Chi_Minh_City.html,,3.0 of 5 stars,,,"52/8 Cao Thang Street Ward 5, District 3, Ho Chi Minh City 700000 Vietnam",10.76953,106.6827,,,,
RedDoorz Plus near Tan Son Nhat Airport 3,https://www.tripadvisor.com/Hotel_Review-g293925-d21287178-Reviews-RedDoorz_Plus_near_Tan_Son_Nhat_Airport_3-Ho_Chi_Minh_City.html,,,,,"60/24 Yen The, Ho Chi Minh City Vietnam",10.81275,106.6687,,,,
Mint Coffee And More,https://www.tripadvisor.com/Hotel_Review-g293925-d15334298-Reviews-Mint_Coffee_And_More-Ho_Chi_Minh_City.html,,,,,"B18 Bach Dang P2 Quan Tan Binh, Ho Chi Minh City Vietnam",10.81473,106.66746,,,,
Edoya Hotel Phu My Hung,https://www.tripadvisor.com/Hotel_Review-g293925-d26393238-Reviews-Edoya_Hotel_Phu_My_Hung-Ho_Chi_Minh_City.html,,,,,"36-38 Cao Triều Phát, Tân Phong, Ho Chi Minh City 700000 Vietnam",10.732136,106.70896,,,,
Nha Nghi Sach,https://www.tripadvisor.com/Hotel_Review-g293925-d20001400-Reviews-Nha_Nghi_Sach-Ho_Chi_Minh_City.html,,,,,"215-217 Ten Lua, Ho Chi Minh City 70000 Vietnam",null,null,,,,
Song Giong Hotel,https://www.tripadvisor.com/Hotel_Review-g293925-d12710953-Reviews-Song_Giong_Hotel-Ho_Chi_Minh_City.html,,,,,"14, Street 1, An Phu Ward, District 2, Ho Chi Minh City Vietnam",10.76767,106.69132,,,,
Saigon-Phnom Penh Huongviet,https://www.tripadvisor.com/Hotel_Review-g293925-d6937466-Reviews-Saigon_Phnom_Penh_Huongviet-Ho_Chi_Minh_City.html,,,,,"12 124, Cong Hoa-A St., W4, Tan Binh Dist., Ho Chi Minh City 70000 Vietnam",10.80094,106.66112,,,,
Luxury Homestay,https://www.tripadvisor.com/Hotel_Review-g293925-d21403759-Reviews-Luxury_Homestay-Ho_Chi_Minh_City.html,,,,,"72 Nguyen Oanh, Phuong 17, Go Vap, Ho Chi Minh City Vietnam",10.83623,106.67576,,,,
N U Service Apartment SOHO,https://www.tripadvisor.com/Hotel_Review-g293925-d26547176-Reviews-N_U_Service_Apartment_SOHO-Ho_Chi_Minh_City.html,,,,,"100 Co Giang, Ho Chi Minh City 26755 Vietnam",10.763027,106.69455,,,,
Happy Coffee Guesthouse,https://www.tripadvisor.com/Hotel_Review-g293925-d15555979-Reviews-Happy_Coffee_Guesthouse-Ho_Chi_Minh_City.html,,,,,"32 Phung Van Cung, Ho Chi Minh City Vietnam",10.80016,106.68592,,,,
Thanh Tung Hotel,https://www.tripadvisor.com/Hotel_Review-g293925-d21133007-Reviews-Thanh_Tung_Hotel-Ho_Chi_Minh_City.html,,2.0 of 5 stars,,,"R4-58 Hung Gia 5 Duong So 2 Phuong Tan Phong Quan 7, Ho Chi Minh City 700000 Vietnam",10.733787,106.70783,,,,
ADPsaigon House,https://www.tripadvisor.com/Hotel_Review-g293925-d20014932-Reviews-ADPsaigon_House-Ho_Chi_Minh_City.html,,,,,"10B Suong Nguyet Anh, Ho Chi Minh City Vietnam",10.772906,106.68991,,,,
Song Long Guesthouse,https://www.tripadvisor.com/Hotel_Review-g293925-d12710875-Reviews-Song_Long_Guesthouse-Ho_Chi_Minh_City.html,,,,,"06 Bac Ai Binh Tho Ward, Thu Duc District, Ho Chi Minh City Vietnam",10.84579,106.76604,,,,
AYA Homestay,https://www.tripadvisor.com/Hotel_Review-g293925-d19603419-Reviews-AYA_Homestay-Ho_Chi_Minh_City.html,,,,,"9B Phung Khac Khoan Street, Da Kao Ward, Ho Chi Minh City 700000 Vietnam",10.78436,106.69811,,,,
Trung Van,https://www.tripadvisor.com/Hotel_Review-g293925-d17648777-Reviews-Trung_Van-Ho_Chi_Minh_City.html,,,,,"151 Ben Van Don River Gate L.B, T.4, P.58, Ho Chi Minh City Vietnam",10.76222,106.6994,,,,
Nhat An Homestay,https://www.tripadvisor.com/Hotel_Review-g293925-d20786418-Reviews-Nhat_An_Homestay-Ho_Chi_Minh_City.html,,,,,"37/38 Tran Dinh Xu, Ho Chi Minh City 700000 Vietnam",10.760126,106.69053,,,,
OYO 471 White 1 Hotel,https://www.tripadvisor.com/Hotel_Review-g293925-d19603360-Reviews-OYO_471_White_1_Hotel-Ho_Chi_Minh_City.html,,,,,"385 Tran Thi Co, Tan Thoi An, Ho Chi Minh City 700000 Vietnam",10.888581,106.64938,,,,
Lyn Mini Hotel,https://www.tripadvisor.com/Hotel_Review-g293925-d19603356-Reviews-Lyn_Mini_Hotel-Ho_Chi_Minh_City.html,,,,,"7 Đường Số 6b, Khu Dân Cư Trung Sơn, Quận 7, Ho Chi Minh City 700000 Vietnam",10.73708,106.691,,,,
Fullhouse Service Suite,https://www.tripadvisor.com/Hotel_Review-g293925-d21352208-Reviews-Fullhouse_Service_Suite-Ho_Chi_Minh_City.html,,,,,"41 Co Giang 41/9A, Ho Chi Minh City Vietnam",10.764209,106.69639,,,,
OYO 441 Mai Son Tai Hotel,https://www.tripadvisor.com/Hotel_Review-g293925-d19603341-Reviews-OYO_441_Mai_Son_Tai_Hotel-Ho_Chi_Minh_City.html,,,,,"764A, Su Van Hanh St, Ward 10, District 10, Ho Chi Minh City 700000 Vietnam",10.772648,106.66922,,,,
Duc Nguyen Hotel,https://www.tripadvisor.com/Hotel_Review-g293925-d3800207-Reviews-Duc_Nguyen_Hotel-Ho_Chi_Minh_City.html,,,,,"111 Tran Trong Cung Street, District 07, Ho Chi Minh City 70000 Vietnam",10.743579,106.733925,,,,
Kha Thy Hotel,https://www.tripadvisor.com/Hotel_Review-g293925-d19603317-Reviews-Kha_Thy_Hotel-Ho_Chi_Minh_City.html,,,,,"39, Street 33, Binh Trung Tay Ward, Ho Chi Minh City 700000 Vietnam",10.785118,106.76811,,,,
Ms Phuong Cambridge,https://www.tripadvisor.com/Hotel_Review-g293925-d13881102-Reviews-Ms_Phuong_Cambridge-Ho_Chi_Minh_City.html,,,,,"Tran Hung Dao, Cau Kho 393/4, Ho Chi Minh City Vietnam",10.79604,106.65255,,,,
We Home Mac Dinh Chi,https://www.tripadvisor.com/Hotel_Review-g293925-d23152440-Reviews-We_Home_Mac_Dinh_Chi-Ho_Chi_Minh_City.html,,,,,"82 10 Mac Dinh Chi Street Da Kao Ward District 1 Ho Chi Minh, Ho Chi Minh City 70000 Vietnam",10.787985,106.69642,,,,
Tan Hoang Mai Hotel,https://www.tripadvisor.com/Hotel_Review-g293925-d3194848-Reviews-Tan_Hoang_Mai_Hotel-Ho_Chi_Minh_City.html,,2.0 of 5 stars,,,"243/2 Chu Van An, ward 12, Dist. Binh Thanh, Ho Chi Minh City 70000 Vietnam",10.81135,106.70007,,,,
Khach Sạn An Tinh 2,https://www.tripadvisor.com/Hotel_Review-g293925-d23344851-Reviews-Khach_S_n_An_Tinh_2-Ho_Chi_Minh_City.html,,,,,"873 Đường 3/2 873 Quận 11, Ho Chi Minh City Vietnam",10.763139,106.65896,,,,
Loris HoTel,https://www.tripadvisor.com/Hotel_Review-g293925-d21506390-Reviews-Loris_HoTel-Ho_Chi_Minh_City.html,,,,,"40/8 Ap Bac Tan Binh, Ho Chi Minh City Vietnam",10.801466,106.652596,,,,
Masteri Thao Dien 2pn,https://www.tripadvisor.com/Hotel_Review-g293925-d17648604-Reviews-Masteri_Thao_Dien_2pn-Ho_Chi_Minh_City.html,,,,,"Xa Lo Ha Noi Toa Nha Masteri Thao Dien, Ho Chi Minh City Vietnam",10.76849,106.67581,,,,
Lucky 5 Hostel,https://www.tripadvisor.com/Hotel_Review-g293925-d13122138-Reviews-Lucky_5_Hostel-Ho_Chi_Minh_City.html,,,,,"137/29/1 Tran Dinh Xu, Ho Chi Minh City 700000 Vietnam",10.76276,106.68837,,,,
Phuc An Serviced Apartment,https://www.tripadvisor.com/Hotel_Review-g293925-d16671286-Reviews-Phuc_An_Serviced_Apartment-Ho_Chi_Minh_City.html,,3.0 of 5 stars,,,"Level 7 & 13, International Plaza, 343 Pham Ngu Lao, Ho Chi Minh City Vietnam",10.76729,106.69004,,,,
Nemo - Rivergate Saigon Condotel,https://www.tripadvisor.com/Hotel_Review-g293925-d22843666-Reviews-Nemo_Rivergate_Saigon_Condotel-Ho_Chi_Minh_City.html,,,,,"155 Ben Van Don, Ho Chi Minh City Vietnam",10.761941,106.699425,,,,
RedDoorz near Etown 4,https://www.tripadvisor.com/Hotel_Review-g293925-d21342298-Reviews-RedDoorz_near_Etown_4-Ho_Chi_Minh_City.html,,,,,,,,,,,
Castle Sun Hotels & Spa,https://www.tripadvisor.com/Hotel_Review-g293925-d17533034-Reviews-Castle_Sun_Hotels_Spa-Ho_Chi_Minh_City.html,,,,,"73 - 79 D4, Phuoc Loc, Ho Chi Minh City Vietnam",10.76858,106.64916,,,,
Uts Homestay,https://www.tripadvisor.com/Hotel_Review-g293925-d14202232-Reviews-Uts_Homestay-Ho_Chi_Minh_City.html,,1.0 of 5 stars,,,"185 Cong Quynh Nguyen Cu Trinh Ward, District 1, Ho Chi Minh City 700000 Vietnam",10.766396,106.68824,,,,
Venus Hotel Go Vap Ho Chi Minh City,https://www.tripadvisor.com/Hotel_Review-g293925-d25299442-Reviews-Venus_Hotel_Go_Vap_Ho_Chi_Minh_City-Ho_Chi_Minh_City.html,,,,,"872 Quang Trung Ward 8, Ho Chi Minh City 70000 Vietnam",10.83808,106.65261,,,,
RedDoorz near Lotte Cinema Cong Hoa,https://www.tripadvisor.com/Hotel_Review-g293925-d21287679-Reviews-RedDoorz_near_Lotte_Cinema_Cong_Hoa-Ho_Chi_Minh_City.html,,,,,"No. 37/16 street C1, Ward 13 Tan Binh, Ho Chi Minh City Vietnam",10.80363,106.6448,,,,
Ephphatha World,https://www.tripadvisor.com/Hotel_Review-g293925-d17793388-Reviews-Ephphatha_World-Ho_Chi_Minh_City.html,,,,,"14B8 Thao Dien Street, Ho Chi Minh City 0084 Vietnam",10.80954,106.73192,,,,
Cozoro Dorm 1-KTX nu 5 sao FREE ho boi & Gym chi 50k 1 ngay,https://www.tripadvisor.com/Hotel_Review-g293925-d23306509-Reviews-Cozoro_Dorm_1_KTX_nu_5_sao_FREE_ho_boi_Gym_chi_50k_1_ngay-Ho_Chi_Minh_City.html,,,,,"1472 Vo Van kiet, phuong 3, quan 6 Viva Riverside Building, Ho Chi Minh City Vietnam",10.742671,106.64739,,,,
Meow Hotel & Cafe 2,https://www.tripadvisor.com/Hotel_Review-g293925-d26443802-Reviews-Meow_Hotel_Cafe_2-Ho_Chi_Minh_City.html,,,,,"241/6 Pham Ngu Lao Quan 1, Ho Chi Minh City Vietnam",10.76761,106.69189,,,,
Paragon Hotel,https://www.tripadvisor.com/Hotel_Review-g293925-d26443673-Reviews-Paragon_Hotel-Ho_Chi_Minh_City.html,,,,,"23 Hưng Phước 4, District 7, Ho Chi Minh City Vietnam",10.72952,106.707695,,,,
Grand Lee Hotel,https://www.tripadvisor.com/Hotel_Review-g293925-d21506144-Reviews-Grand_Lee_Hotel-Ho_Chi_Minh_City.html,,,,,"137/8A Binh Quoi Phuong 27 Quan Binh Thanh, Ho Chi Minh City Vietnam",10.819057,106.72359,,,,
Sunrise City Apartment,https://www.tripadvisor.com/Hotel_Review-g293925-d21339222-Reviews-Sunrise_City_Apartment-Ho_Chi_Minh_City.html,,,,,"25 Nguyen Huu Tho, Phuong Tan Hung Quan 7, Ho Chi Minh City 72912 Vietnam",10.741627,106.70075,,,,
Calla's Home,https://www.tripadvisor.com/Hotel_Review-g293925-d17596856-Reviews-Calla_s_Home-Ho_Chi_Minh_City.html,,,,,"208 Nguyen Huu Canh Vinhomes Central Park, Binh Thanh, Ho Chi Minh City 700000 Vietnam",10.79591,106.71898,,,,
Vinhomes Central Park Color Apartments,https://www.tripadvisor.com/Hotel_Review-g293925-d25055208-Reviews-Vinhomes_Central_Park_Color_Apartments-Ho_Chi_Minh_City.html,,,,,"208 Duong Nguyen Huu Canh, Binh Thanh, Ho Chi Minh City Vietnam",10.795542,106.71917,,,,
Southern Hotel,https://www.tripadvisor.com/Hotel_Review-g293925-d6537886-Reviews-Southern_Hotel-Ho_Chi_Minh_City.html,,,,,"66 Hung Gia 5, Ho Chi Minh City 70000 Vietnam",10.76339,106.67702,,,,
A25 Hotel - 167 Pham Ngu Lao,https://www.tripadvisor.com/Hotel_Review-g293925-d25621011-Reviews-A25_Hotel_167_Pham_Ngu_Lao-Ho_Chi_Minh_City.html,,,,,"167 Phạm Ngũ Lão, Ho Chi Minh City 700000 Vietnam",10.768829,106.69425,,,,
Hotel 88,https://www.tripadvisor.com/Hotel_Review-g293925-d21506032-Reviews-Hotel_88-Ho_Chi_Minh_City.html,,,,,"So 80, Đuong 37, Phuong Tan Quy, Quan 7, Ho Chi Minh City Vietnam",10.744375,106.71184,,,,
Khach San Phuong Hoang,https://www.tripadvisor.com/Hotel_Review-g293925-d17596771-Reviews-Khach_San_Phuong_Hoang-Ho_Chi_Minh_City.html,,,,,"210/10 Cách Mạng Tháng 8, Phường 10, Quận 3, Ho Chi Minh City 70000 Vietnam",10.78911,106.63687,,,,
Nicole Home,https://www.tripadvisor.com/Hotel_Review-g293925-d21351628-Reviews-Nicole_Home-Ho_Chi_Minh_City.html,,,,,"347/12A/7 Chu Van An, Phuong 12 Binh Thanh, Ho Chi Minh City 700000 Vietnam",10.811037,106.69971,,,,
An Binh Hotel,https://www.tripadvisor.com/Hotel_Review-g293925-d13327445-Reviews-An_Binh_Hotel-Ho_Chi_Minh_City.html,,,,,"965/14 Quang Trung Ward 14, Go Vap District, Ho Chi Minh City Vietnam",10.755064,106.69523,,,,
Kha Thy Hotel 2,https://www.tripadvisor.com/Hotel_Review-g293925-d21197301-Reviews-Kha_Thy_Hotel_2-Ho_Chi_Minh_City.html,,,,,"36B Duong 28 Phuong Cat Lai, Ho Chi Minh City Vietnam",10.779663,106.77044,,,,
Nhu Vu Hotel,https://www.tripadvisor.com/Hotel_Review-g293925-d21030850-Reviews-Nhu_Vu_Hotel-Ho_Chi_Minh_City.html,,,,,"Duong So 10, KDC Trung Son, Binh Hung, Binh Chanh 62, Ho Chi Minh City Vietnam",10.733866,106.69101,,,,
Home,https://www.tripadvisor.com/Hotel_Review-g293925-d25157931-Reviews-Home-Ho_Chi_Minh_City.html,,,,,"153 Duong Bach Dang, Ho Chi Minh City Vietnam",10.815707,106.674515,,,,
Thien Ma Hotel,https://www.tripadvisor.com/Hotel_Review-g293925-d19899349-Reviews-Thien_Ma_Hotel-Ho_Chi_Minh_City.html,,,,,"45 Tran Thien Chanh Phuong 12, Quan 10, Ho Chi Minh City 170 Vietnam",10.77103,106.67092,,,,
Khach San Quoc Phong,https://www.tripadvisor.com/Hotel_Review-g293925-d20117081-Reviews-Khach_San_Quoc_Phong-Ho_Chi_Minh_City.html,,,,,"Tan Ky Tan Quy 459A, Ho Chi Minh City Vietnam",10.79941,106.61937,,,,
Win Apartment & Hotel,https://www.tripadvisor.com/Hotel_Review-g293925-d12092905-Reviews-Win_Apartment_Hotel-Ho_Chi_Minh_City.html,,,,,"R3-85 Hung Gia 3 Tan Phong Ward, District 7, Ho Chi Minh City Vietnam",10.781432,106.663216,,,,
Casablanca Boutique Saigon,https://www.tripadvisor.com/Hotel_Review-g293925-d17596661-Reviews-Casablanca_Boutique_Saigon-Ho_Chi_Minh_City.html,,,,,"391/146 Tran Hung Dao street, Cau Kho Ward, District 1, Ho Chi Minh City Vietnam",10.76976,106.69673,,,,
7s Hotel Queen Center,https://www.tripadvisor.com/Hotel_Review-g293925-d21505805-Reviews-7s_Hotel_Queen_Center-Ho_Chi_Minh_City.html,,,,,"36 Nguyen An Ninh, Ho Chi Minh City Vietnam",10.771837,106.696846,,,,
Ceasar Homestay,https://www.tripadvisor.com/Hotel_Review-g293925-d21391002-Reviews-Ceasar_Homestay-Ho_Chi_Minh_City.html,,,,,"Hem 337 Nguyen Dinh Chieu, Phuong 5, Quan 3, Ho Chi Minh City 72406 Vietnam",10.771983,106.684715,,,,
Sabina Boutique Hotel 3,https://www.tripadvisor.com/Hotel_Review-g293925-d26443741-Reviews-Sabina_Boutique_Hotel_3-Ho_Chi_Minh_City.html,,,,,"2 Duong Phan Khiem Ich 2-4 Hung Gia 1 Town, Tan Phong Ward, District 7, Ho Chi Minh City Vietnam",10.73303,106.71022,,,,
OldSchool House - The Art,https://www.tripadvisor.com/Hotel_Review-g293925-d20374157-Reviews-OldSchool_House_The_Art-Ho_Chi_Minh_City.html,,,,,"187/15 Co Giang, Quan 1, Ho Chi Minh City Vietnam",10.761107,106.69361,,,,
Luom Nang - Cat Lover's House in Dist 3 Saigon,https://www.tripadvisor.com/Hotel_Review-g293925-d17636429-Reviews-Luom_Nang_Cat_Lover_s_House_in_Dist_3_Saigon-Ho_Chi_Minh_City.html,,,,,"2/17 Ky Dong, Ho Chi Minh City Vietnam",10.76413,106.64042,,,,
OYO 652 Monaco Hotel,https://www.tripadvisor.com/Hotel_Review-g293925-d20322673-Reviews-OYO_652_Monaco_Hotel-Ho_Chi_Minh_City.html,,,,,"93 Street 05, Trung Son, Ho Chi Minh City 70000 Vietnam",10.735596,106.69148,,,,
Kansai Bui Vien,https://www.tripadvisor.com/Hotel_Review-g293925-d19139600-Reviews-Kansai_Bui_Vien-Ho_Chi_Minh_City.html,,,,,"199 Đuong Đe Tham Quan 1, Ho Chi Minh City 71000 Vietnam",10.7676,106.69388,,,,
Bin Bin Hotel,https://www.tripadvisor.com/Hotel_Review-g293925-d12658535-Reviews-Bin_Bin_Hotel-Ho_Chi_Minh_City.html,,3.0 of 5 stars,,,"02 Street No. 1 KDC Ven Song, Tan Phong Ward, District 7, Ho Chi Minh City 700000 Vietnam",10.727291,106.69671,,,,
Sadaco Tay Nguyen Hotel,https://www.tripadvisor.com/Hotel_Review-g293925-d21031107-Reviews-Sadaco_Tay_Nguyen_Hotel-Ho_Chi_Minh_City.html,,,,,"Nguyen Trai Street, Ward 11, District 5 635, Ho Chi Minh City Vietnam",10.753637,106.66509,,,,
Thu Mai Hotel,https://www.tripadvisor.com/Hotel_Review-g293925-d21031115-Reviews-Thu_Mai_Hotel-Ho_Chi_Minh_City.html,,,,,"So 7, Khu Dan Cu Trung Son, Binh Hung, Binh Chanh 55, Ho Chi Minh City Vietnam",10.733013,106.690025,,,,
Amanda Phan Hotel,https://www.tripadvisor.com/Hotel_Review-g293925-d21505647-Reviews-Amanda_Phan_Hotel-Ho_Chi_Minh_City.html,,,,,"54/3 Ky Con, Nguyen Thai Binh Ward, District 1, Ho Chi Minh City 700000 Vietnam",10.80049,106.65981,,,,
Lucky Hotel,https://www.tripadvisor.com/Hotel_Review-g293925-d25466176-Reviews-Lucky_Hotel-Ho_Chi_Minh_City.html,,,,,"14 Đường Số 3A An Lạc A, Bình Tân, Ho Chi Minh City 70000 Vietnam",10.74973,106.61939,,,,
Rita Hotel Near Tan Son Nhat Airport,https://www.tripadvisor.com/Hotel_Review-g293925-d26264208-Reviews-Rita_Hotel_Near_Tan_Son_Nhat_Airport-Ho_Chi_Minh_City.html,,,,,"No.10, Street 2 Ward 3, Go Vap District, Ho Chi Minh City Vietnam",10.821766,106.67833,,,,
Dakao House,https://www.tripadvisor.com/Hotel_Review-g293925-d25106206-Reviews-Dakao_House-Ho_Chi_Minh_City.html,,,,,"104/20 Mai Thi Luu Street, District 1, Ho Chi Minh City 70000 Vietnam",10.792006,106.698586,,,,
Khach San Huong,https://www.tripadvisor.com/Hotel_Review-g293925-d18213641-Reviews-Khach_San_Huong-Ho_Chi_Minh_City.html,,1.0 of 5 stars,,,"586/4 Cong Hoa, Ho Chi Minh City Vietnam",10.75807,106.69981,,,,
Hoang Minh Hotel,https://www.tripadvisor.com/Hotel_Review-g293925-d19139496-Reviews-Hoang_Minh_Hotel-Ho_Chi_Minh_City.html,,,,,"97 Le Van Quoi, Binh Tri Dong, Ho Chi Minh City 700000 Vietnam",10.77438,106.61897,,,,
Longha Hotel,https://www.tripadvisor.com/Hotel_Review-g293925-d26443542-Reviews-Longha_Hotel-Ho_Chi_Minh_City.html,,,,,"200 Đường số 7 Khu Dân Cư Trung Sơn, Xã Bình Hưng, Huyện Bình Chánh, Ho Chi Minh City Vietnam",10.732489,106.690025,,,,
Kim Thanh Hotel 2,https://www.tripadvisor.com/Hotel_Review-g293925-d3914134-Reviews-Kim_Thanh_Hotel_2-Ho_Chi_Minh_City.html,,1.0 of 5 stars,,,"51 633, Dien Bien Phu Street Ward 01, District 03, District 10 - Phu Tho Stadium / Ky Hoa Park, Ho Chi Minh City 70000 Vietnam",10.79051,106.69772,,,,
Hoa Hong Hotel - Thu Duc District,https://www.tripadvisor.com/Hotel_Review-g293925-d3914123-Reviews-Hoa_Hong_Hotel_Thu_Duc_District-Ho_Chi_Minh_City.html,,,,,"479 Kha Van Can Street, Linh Dong Ward Linh Trung IEPZ, Ho Chi Minh City 70000 Vietnam",10.842711,106.74746,,,,
Vinhomes Central Apartment,https://www.tripadvisor.com/Hotel_Review-g293925-d23357283-Reviews-Vinhomes_Central_Apartment-Ho_Chi_Minh_City.html,,,,,"280 Nguyen Huu Canh Larkmark 1-4-5-6- Plus, Ho Chi Minh City Vietnam",10.79549,106.71912,,,,
Bon Bon Guesthouse,https://www.tripadvisor.com/Hotel_Review-g293925-d12349756-Reviews-Bon_Bon_Guesthouse-Ho_Chi_Minh_City.html,,,,,"212B/D13 Nguyen Trai, Ho Chi Minh City Vietnam",10.76512,106.68741,,,,
OYO 299 Khanh An Hotel,https://www.tripadvisor.com/Hotel_Review-g293925-d20311205-Reviews-OYO_299_Khanh_An_Hotel-Ho_Chi_Minh_City.html,,,,,"25 Street 61, Phuoc Long B Ward District 9, Ho Chi Minh City 700000 Vietnam",10.829437,106.772255,,,,
Nguyen Ngoc Apartment,https://www.tripadvisor.com/Hotel_Review-g293925-d20288323-Reviews-Nguyen_Ngoc_Apartment-Ho_Chi_Minh_City.html,,,,,"372/41A1 Dien Bien Phu 41A1, Ho Chi Minh City Vietnam",10.800192,106.7083,,,,
Bin Bin Hotel 2,https://www.tripadvisor.com/Hotel_Review-g293925-d12658256-Reviews-Bin_Bin_Hotel_2-Ho_Chi_Minh_City.html,,3.0 of 5 stars,,,"L19, Street No. 14 Him Lam Residence, Tan Hung Ward, District 7, Ho Chi Minh City 700000 Vietnam",10.78958,106.71611,,,,
Hoang Anh Star Hotel,https://www.tripadvisor.com/Hotel_Review-g293925-d11876291-Reviews-Hoang_Anh_Star_Hotel-Ho_Chi_Minh_City.html,,,,,"31/3B Song Hanh Street, Highway 22 Trung My Tay Ward, District 12, Ho Chi Minh City 70000 Vietnam",10.799353,106.73447,,,,
OYO 1066 Sao Mai Hotel,https://www.tripadvisor.com/Hotel_Review-g293925-d21093878-Reviews-OYO_1066_Sao_Mai_Hotel-Ho_Chi_Minh_City.html,,,,,"16A Vo Thi Phai, Group 10 Quarter 3, Thoi An Ward, District 12, Ho Chi Minh City 700000 Vietnam",10.885034,106.64894,,,,
Smiley Apartment,https://www.tripadvisor.com/Hotel_Review-g293925-d12452456-Reviews-Smiley_Apartment-Ho_Chi_Minh_City.html,,2.0 of 5 stars,,,"56/60 Duong Ba Trac, Ho Chi Minh City Vietnam",10.7473,106.6889,,,,
BeHome Minh Khai,https://www.tripadvisor.com/Hotel_Review-g293925-d16876029-Reviews-BeHome_Minh_Khai-Ho_Chi_Minh_City.html,,,,,"18B/17 Nguyen Thi Minh Khai, Ho Chi Minh City Vietnam",10.77827,106.69376,,,,
Lee's EverRich Resort,https://www.tripadvisor.com/Hotel_Review-g293925-d20259957-Reviews-Lee_s_EverRich_Resort-Ho_Chi_Minh_City.html,,3.5 of 5 stars,,,"290 An Duong Vuong St, Ward 4 The EverRich Infinity, Ho Chi Minh City 700000 Vietnam",10.760637,106.68072,,,,
Ivy House,https://www.tripadvisor.com/Hotel_Review-g293925-d12195194-Reviews-Ivy_House-Ho_Chi_Minh_City.html,,,,,"73 Truong Dinh Street, Ward 6, District 3, Ho Chi Minh City Vietnam",10.77331,106.69479,,,,
Dahlia Apartments,https://www.tripadvisor.com/Hotel_Review-g293925-d16875943-Reviews-Dahlia_Apartments-Ho_Chi_Minh_City.html,,,,,"98/11B Ung Van Khiem Phuong 25, Quan Binh Thanh, Ho Chi Minh City Vietnam",10.80315,106.7226,,,,
Nha Khach Thuy Nguyen - BO Nong Nghiep Phat Trien Nong Thon,https://www.tripadvisor.com/Hotel_Review-g293925-d21350951-Reviews-Nha_Khach_Thuy_Nguyen_BO_Nong_Nghiep_Phat_Trien_Nong_Thon-Ho_Chi_Minh_City.html,,,,,"195/38 Xo viet nghe tinh, phuong 17 binh thanh, Ho Chi Minh City 70000 Vietnam",10.798351,106.71168,,,,
HANZ Hotel 345 Tran Hung Dao,https://www.tripadvisor.com/Hotel_Review-g293925-d26443210-Reviews-HANZ_Hotel_345_Tran_Hung_Dao-Ho_Chi_Minh_City.html,,,,,"345AB Đ. Trần Hưng Đạo, Ho Chi Minh City 700000 Vietnam",10.760421,106.689705,,,,
Khach San Phuong Loi Loi,https://www.tripadvisor.com/Hotel_Review-g293925-d21031519-Reviews-Khach_San_Phuong_Loi_Loi-Ho_Chi_Minh_City.html,,,,,"Tran Phu 289, Ho Chi Minh City Vietnam",10.756685,106.67372,,,,
Luxury Viethomes,https://www.tripadvisor.com/Hotel_Review-g293925-d17595966-Reviews-Luxury_Viethomes-Ho_Chi_Minh_City.html,,,,,"01 Suong Nguyet Anh Ben Thanh Ward, District 1, Ho Chi Minh City 700000 Vietnam",10.77189,106.68912,,,,
GK Home Serviced Apartment,https://www.tripadvisor.com/Hotel_Review-g293925-d6536999-Reviews-GK_Home_Serviced_Apartment-Ho_Chi_Minh_City.html,,,,,"28 Nguyen Van Cu, Ho Chi Minh City 700000 Vietnam",10.755588,106.68587,,,,
Thien Phat Y Hotel,https://www.tripadvisor.com/Hotel_Review-g293925-d5508248-Reviews-Thien_Phat_Y_Hotel-Ho_Chi_Minh_City.html,,,,,"A28 - A29 Tran Trong Cung Street, District 7 Saigon Exhibition & Convention Center, Phu My Hung, Ho Chi Minh City 70000 Vietnam",10.743574,106.72995,,,,
Vinhomes Grand Park - Serviced Apartment,https://www.tripadvisor.com/Hotel_Review-g293925-d26551938-Reviews-Vinhomes_Grand_Park_Serviced_Apartment-Ho_Chi_Minh_City.html,,,,,"Phuoc Thien, Ho Chi Minh City Vietnam",10.84239,106.83716,,,,
Khanh Linh 2 Hotel,https://www.tripadvisor.com/Hotel_Review-g293925-d5508242-Reviews-Khanh_Linh_2_Hotel-Ho_Chi_Minh_City.html,,,,,"43 Duong Quang Ham Go Vap District, Ho Chi Minh City 70000 Vietnam",10.837027,106.68197,,,,
Thien Huong Hotel,https://www.tripadvisor.com/Hotel_Review-g293925-d5508237-Reviews-Thien_Huong_Hotel-Ho_Chi_Minh_City.html,,,,,"5B - 5C Tran Nhat Duat Tan Dinh Ward, Ho Chi Minh City 70000 Vietnam",10.79238,106.68984,,,,
The Eastern Apartment,https://www.tripadvisor.com/Hotel_Review-g293925-d21402266-Reviews-The_Eastern_Apartment-Ho_Chi_Minh_City.html,,,,,"299 Liên Phường phường Phú Hữu, Quận 9, Ho Chi Minh City 700000 Vietnam",null,null,,,,
Pho Nho Hostel,https://www.tripadvisor.com/Hotel_Review-g293925-d17853025-Reviews-Pho_Nho_Hostel-Ho_Chi_Minh_City.html,,,,,"214/C32 Nguyen Trai, Phuong Nguyen Cu Trinh, Ho Chi Minh City Vietnam",10.76325,106.68658,,,,
Cozy Room,https://www.tripadvisor.com/Hotel_Review-g293925-d20322061-Reviews-Cozy_Room-Ho_Chi_Minh_City.html,,,,,"77/3, Nhat Chi Mai Street Tan Binh District, Ho Chi Minh City 700000 Vietnam",10.806184,106.63935,,,,
Liberty Central Saigon Citypoint,https://www.tripadvisor.com/Hotel_Review-g293925-d26443037-Reviews-Liberty_Central_Saigon_Citypoint-Ho_Chi_Minh_City.html,,4.0 of 5 stars,,,"59 Pasteur Street Ben Nghe Ward, Ho Chi Minh City Vietnam",10.82293,106.62975,,,,
Minami Ho Chi Minh City Apartments,https://www.tripadvisor.com/Hotel_Review-g293925-d17647281-Reviews-Minami_Ho_Chi_Minh_City_Apartments-Ho_Chi_Minh_City.html,,,,,"8A /E8, Thai Van Lung Street, Ben Nghe Ward, Ho Chi Minh City 700000 Vietnam",10.779191,106.704926,,,,
Bui Phan Hotel,https://www.tripadvisor.com/Hotel_Review-g293925-d7256990-Reviews-Bui_Phan_Hotel-Ho_Chi_Minh_City.html,,,,,"22 Nguyen Cu Trinh Street, District 1, Ho Chi Minh City 70000 Vietnam",10.76475,106.69209,,,,
Landmark Plus 1 Bedroom,https://www.tripadvisor.com/Hotel_Review-g293925-d26689371-Reviews-Landmark_Plus_1_Bedroom-Ho_Chi_Minh_City.html,,,,,"720A Điện Biên Phủ, Ho Chi Minh City Vietnam",10.79498,106.72191,,,,
Thai Anh House - Pink Church,https://www.tripadvisor.com/Hotel_Review-g293925-d20105968-Reviews-Thai_Anh_House_Pink_Church-Ho_Chi_Minh_City.html,,,,,,,,,,,
Henry Apartment #Next to District 1 #POOL +GYM,https://www.tripadvisor.com/Hotel_Review-g293925-d16669919-Reviews-Henry_Apartment_Next_to_District_1_POOL_GYM-Ho_Chi_Minh_City.html,,,,,"151 Ben Van Don, District 4, Ho Chi Minh City Vietnam",10.76222,106.6994,,,,
Helen's Home,https://www.tripadvisor.com/Hotel_Review-g293925-d15332529-Reviews-Helen_s_Home-Ho_Chi_Minh_City.html,,,,,"457 Duong Tran Hung Dao, Ho Chi Minh City Vietnam",10.75908,106.68779,,,,
The Opera Hotel - Apartments,https://www.tripadvisor.com/Hotel_Review-g293925-d25619886-Reviews-The_Opera_Hotel_Apartments-Ho_Chi_Minh_City.html,,,,,"159 Xa Lo Ha Noi Street, District 2 Tower 5, Masteri Thao Dien, Ho Chi Minh City Vietnam",10.8021,106.73972,,,,
Around The World Hotel,https://www.tripadvisor.com/Hotel_Review-g293925-d12914943-Reviews-Around_The_World_Hotel-Ho_Chi_Minh_City.html,,,,,"65 Bui Vien, District 1, Ho Chi Minh City Vietnam",10.76698,106.6932,,,,
SPOT ON 710 Sakura Hostel Cholon,https://www.tripadvisor.com/Hotel_Review-g293925-d20311798-Reviews-SPOT_ON_710_Sakura_Hostel_Cholon-Ho_Chi_Minh_City.html,,,,,"60/4 Nguyen Trai, Phuong 3, Quan 5, Ho Chi Minh City 700000 Vietnam",10.758435,106.68032,,,,
Manh Long Hotel,https://www.tripadvisor.com/Hotel_Review-g293925-d21504881-Reviews-Manh_Long_Hotel-Ho_Chi_Minh_City.html,,,,,"167 Đường Số 8 167/15, Thu Duc District, Ho Chi Minh City Vietnam",null,null,,,,
Nha Nghỉ Quỳnh Yến,https://www.tripadvisor.com/Hotel_Review-g293925-d23356594-Reviews-Nha_Ngh_Qu_nh_Y_n-Ho_Chi_Minh_City.html,,,,,"Khu Công Bghiệp Hải Sơn Tỉnh lộ 825, Ho Chi Minh City Vietnam",10.794823,106.47023,,,,
Bao Lan Hotell,https://www.tripadvisor.com/Hotel_Review-g293925-d21504848-Reviews-Bao_Lan_Hotell-Ho_Chi_Minh_City.html,,,,,"94/6A Ấp Dân Thắng 2 Tân Thới Nhì Hóc Môn, Ho Chi Minh City Vietnam",10.893431,106.58613,,,,
The 90s Hostel,https://www.tripadvisor.com/Hotel_Review-g293925-d20064592-Reviews-The_90s_Hostel-Ho_Chi_Minh_City.html,,,,,"265/5A Pham Ngu Lao, Ho Chi Minh City Vietnam",10.767766,106.69227,,,,
OYO 1147 Vien Ngoc Xanh Hotel,https://www.tripadvisor.com/Hotel_Review-g293925-d21420189-Reviews-OYO_1147_Vien_Ngoc_Xanh_Hotel-Ho_Chi_Minh_City.html,,,,,"285-287 Hoang Van Thu, Phuong 2, Ho Chi Minh City Vietnam",10.800486,106.66244,,,,
OYO 161 Hoang Yen Nhi Hotel,https://www.tripadvisor.com/Hotel_Review-g293925-d22945043-Reviews-OYO_161_Hoang_Yen_Nhi_Hotel-Ho_Chi_Minh_City.html,,,,,"U Ng S 51 Phu Ng 14 Go V P, Ho Chi Minh City 700000 Vietnam",10.846711,106.64233,,,,
Eros Hotel,https://www.tripadvisor.com/Hotel_Review-g293925-d12348989-Reviews-Eros_Hotel-Ho_Chi_Minh_City.html,,2.0 of 5 stars,,,"331/8 Phan Huy Ich, Ho Chi Minh City Vietnam",10.83846,106.63679,,,,
A EM Corp Royal Palace Hotel,https://www.tripadvisor.com/Hotel_Review-g293925-d17852733-Reviews-A_EM_Corp_Royal_Palace_Hotel-Ho_Chi_Minh_City.html,,,,,"39-41 Thu Khoa Huan Street, Ho Chi Minh City Vietnam",10.77411,106.69691,,,,
Nhat Minh II Hotel,https://www.tripadvisor.com/Hotel_Review-g293925-d3236199-Reviews-Nhat_Minh_II_Hotel-Ho_Chi_Minh_City.html,,,,,"08 Hoang Du Khuong Street, Ward 12, District 10, Ho Chi Minh City 70000 Vietnam",10.77522,106.67197,,,,
OYO 143 The K9 Central Hotel,https://www.tripadvisor.com/Hotel_Review-g293925-d17389743-Reviews-OYO_143_The_K9_Central_Hotel-Ho_Chi_Minh_City.html,,,,,"70-72-74 Ton That Dam Street, Ben Nghe Ward, District 1, Ho Chi Minh City 700000 Vietnam",10.771465,106.7033,,,,
Cat Tuong Hotel,https://www.tripadvisor.com/Hotel_Review-g293925-d7256635-Reviews-Cat_Tuong_Hotel-Ho_Chi_Minh_City.html,,,,,"12A, No3 Road, Linh Trung Ward, Thu Duc District, Ho Chi Minh City 70000 Vietnam",10.7914,106.69537,,,,
Peace Home Apartment,https://www.tripadvisor.com/Hotel_Review-g293925-d17389701-Reviews-Peace_Home_Apartment-Ho_Chi_Minh_City.html,,,,,"R4 80 Noi Khu Hung Gia 2, P, Quan 7, TP, District 7, Ho Chi Minh City 700000 Vietnam",10.733372,106.70723,,,,
Johnny Tube Bed and Breakfast,https://www.tripadvisor.com/Hotel_Review-g293925-d25413864-Reviews-Johnny_Tube_Bed_and_Breakfast-Ho_Chi_Minh_City.html,,,,,"14/4 Truong Chinh, Ho Chi Minh City Vietnam",10.83034,106.62201,,,,
Boo Nest,https://www.tripadvisor.com/Hotel_Review-g293925-d21420273-Reviews-Boo_Nest-Ho_Chi_Minh_City.html,,,,,"67 An Binh, Ho Chi Minh City Vietnam",10.751114,106.67282,,,,
AHA Friday Hotel Le Hong Phong,https://www.tripadvisor.com/Hotel_Review-g293925-d13840505-Reviews-AHA_Friday_Hotel_Le_Hong_Phong-Ho_Chi_Minh_City.html,,2.0 of 5 stars,,,"781/ A11 Le Hong Phong Ward 12, Distric 10, Ho Chi Minh City 700000 Vietnam",10.77197,106.6718,,,,
VG Hotel & Wine,https://www.tripadvisor.com/Hotel_Review-g293925-d23346676-Reviews-VG_Hotel_Wine-Ho_Chi_Minh_City.html,,,,,"R2-01, Đường Số 2, Khu Phố Hưng Gia 2, Tân Phong, Quận 7, Ho Chi Minh City Vietnam",10.732271,106.70812,,,,
Han Hoa,https://www.tripadvisor.com/Hotel_Review-g293925-d15589317-Reviews-Han_Hoa-Ho_Chi_Minh_City.html,,,,,"98F Le Lai, District 1, Ho Chi Minh City Vietnam",10.76985,106.692986,,,,
The Moon 1 Hotel,https://www.tripadvisor.com/Hotel_Review-g293925-d21504044-Reviews-The_Moon_1_Hotel-Ho_Chi_Minh_City.html,,,,,"221 Đuong So 1, Ho Chi Minh City Vietnam",10.810648,106.59512,,,,
Paiza Residences,https://www.tripadvisor.com/Hotel_Review-g293925-d21093071-Reviews-Paiza_Residences-Ho_Chi_Minh_City.html,,3.0 of 5 stars,,,"Nha So 2, Duong So 20 My Gia 1, Phu My Hung, Quan 7, Ho Chi Minh City Vietnam",10.7205,106.7326,,,,
Nancy Bridge View A1406,https://www.tripadvisor.com/Hotel_Review-g293925-d21032229-Reviews-Nancy_Bridge_View_A1406-Ho_Chi_Minh_City.html,,,,,"167 Tran Trong Cung, District 7, Ho Chi Minh City Vietnam",10.74332,106.73522,,,,
Hotel Ngoc Lan 2,https://www.tripadvisor.com/Hotel_Review-g293925-d21093033-Reviews-Hotel_Ngoc_Lan_2-Ho_Chi_Minh_City.html,,,,,"34/25A Lien Khu 4-5, Phuong Binh Hung Hoa B, Ho Chi Minh City Vietnam",10.7985,106.59456,,,,
Retro House in Saigon Center,https://www.tripadvisor.com/Hotel_Review-g293925-d20980805-Reviews-Retro_House_in_Saigon_Center-Ho_Chi_Minh_City.html,,,,,"14 Nguyen Thi Nghia, Ben Thanh Ward, Ho Chi Minh City 700000 Vietnam",10.770764,106.693924,,,,
M&T Apartment 6,https://www.tripadvisor.com/Hotel_Review-g293925-d21032240-Reviews-M_T_Apartment_6-Ho_Chi_Minh_City.html,,,,,"135/22 Nguyen Huu Canh, Ward 22, Ho Chi Minh City Vietnam",10.796892,106.718254,,,,
Bong Gio House,https://www.tripadvisor.com/Hotel_Review-g293925-d17389552-Reviews-Bong_Gio_House-Ho_Chi_Minh_City.html,,3.0 of 5 stars,,,"14 Truong Sa, Phuong 17, Ho Chi Minh City 700000 Vietnam",10.793001,106.704666,,,,
7S Ken Luxury Saigon,https://www.tripadvisor.com/Hotel_Review-g293925-d19797891-Reviews-7S_Ken_Luxury_Saigon-Ho_Chi_Minh_City.html,,,,,"766/12 Sự Vạn Hạnh Phường 12, Quận 10, Ho Chi Minh City 700000 Vietnam",10.772761,106.66911,,,,
An Binh Hotel,https://www.tripadvisor.com/Hotel_Review-g293925-d23099025-Reviews-An_Binh_Hotel-Ho_Chi_Minh_City.html,,,,,"Tran Quoc Vuong Street Dich Vong Hau Ward Cau Giay, Ho Chi Minh City 100000 Vietnam",10.732469,106.70885,,,,
Hotel MTT,https://www.tripadvisor.com/Hotel_Review-g293925-d13111611-Reviews-Hotel_MTT-Ho_Chi_Minh_City.html,,,,,"22 Tan Tru Street, Ward 15, Tan Binh District, Ho Chi Minh City Vietnam",10.78469,106.65837,,,,
7S Hotel Pandora Serviced Apartment,https://www.tripadvisor.com/Hotel_Review-g293925-d21340905-Reviews-7S_Hotel_Pandora_Serviced_Apartment-Ho_Chi_Minh_City.html,,,,,"98 J Le Lai, Ho Chi Minh City 700000 Vietnam",10.769847,106.69304,,,,
Relax Mini Retreat,https://www.tripadvisor.com/Hotel_Review-g293925-d14046039-Reviews-Relax_Mini_Retreat-Ho_Chi_Minh_City.html,,,,,"81/41 Ho Van Hue Phu Nhuan, Ho Chi Minh City Vietnam",10.8047,106.67579,,,,
Bao Vy Hotel,https://www.tripadvisor.com/Hotel_Review-g293925-d21504380-Reviews-Bao_Vy_Hotel-Ho_Chi_Minh_City.html,,,,,"63n Ung Văn Khiêm, Ho Chi Minh City Vietnam",10.808137,106.71594,,,,
Vinhomes-Alice Apartment,https://www.tripadvisor.com/Hotel_Review-g293925-d21392427-Reviews-Vinhomes_Alice_Apartment-Ho_Chi_Minh_City.html,,,,,"Vinhomes Central Park – 208 Nguyen Huu Canh, P.22, Q.Binh Thanh Landmark 3, Ho Chi Minh City Vietnam",10.795544,106.7202,,,,
RedDoorz Chau Thien Tu 1 Hotel,https://www.tripadvisor.com/Hotel_Review-g293925-d25156352-Reviews-RedDoorz_Chau_Thien_Tu_1_Hotel-Ho_Chi_Minh_City.html,,,,,"Nguyễn Thái Bình, No.248, Ho Chi Minh City 700000 Vietnam",10.795867,106.65105,,,,
Bunny Homestay Saigon,https://www.tripadvisor.com/Hotel_Review-g293925-d14920377-Reviews-Bunny_Homestay_Saigon-Ho_Chi_Minh_City.html,,,,,"122/13 Tran Binh Trong Ward 1, Go Vap District, Ho Chi Minh City 700000 Vietnam",10.811249,106.689354,,,,
Non Viet Homestay,https://www.tripadvisor.com/Hotel_Review-g293925-d14920369-Reviews-Non_Viet_Homestay-Ho_Chi_Minh_City.html,,,,,"48 Nguyen Canh Chan Nguyen Cu Trinh, Ho Chi Minh City 700000 Vietnam",10.760035,106.68682,,,,
Machi Hotel,https://www.tripadvisor.com/Hotel_Review-g293925-d19806855-Reviews-Machi_Hotel-Ho_Chi_Minh_City.html,,,,,"14/8 Do Quang Dau, Ho Chi Minh City Vietnam",10.766364,106.69126,,,,
Helen Hotel,https://www.tripadvisor.com/Hotel_Review-g293925-d12451326-Reviews-Helen_Hotel-Ho_Chi_Minh_City.html,,,,,"150, Street 7, Trung Son, Binh Hung, Binh Chanh, Ho Chi Minh City 700000 Vietnam",10.69076,106.57033,,,,
Jack Apartment & Hotel,https://www.tripadvisor.com/Hotel_Review-g293925-d21504231-Reviews-Jack_Apartment_Hotel-Ho_Chi_Minh_City.html,,,,,"R4-75 Hung Gia 3, Phuong Tan Phong, Quan 7 Phu My Hung Area, Ho Chi Minh City Vietnam",10.732355,106.708824,,,,
Taro Home,https://www.tripadvisor.com/Hotel_Review-g293925-d15331778-Reviews-Taro_Home-Ho_Chi_Minh_City.html,,,,,"373/236 Ly Thuong Kiet, Ho Chi Minh City Vietnam",10.77916,106.65115,,,,
Orange House,https://www.tripadvisor.com/Hotel_Review-g293925-d17637984-Reviews-Orange_House-Ho_Chi_Minh_City.html,,,,,"37/74 Tran Dinh Xu, Cau Kho, District 1, Ho Chi Minh City Vietnam",10.76022,106.69095,,,,
RedDoorz Plus near An Dong Plaza,https://www.tripadvisor.com/Hotel_Review-g293925-d21144132-Reviews-RedDoorz_Plus_near_An_Dong_Plaza-Ho_Chi_Minh_City.html,,,,,"940 Tran Hung Dao Street, Ward 7, District 5, Ho Chi Minh City Vietnam",10.75342,106.6731,,,,
P7P Apartment,https://www.tripadvisor.com/Hotel_Review-g293925-d17337702-Reviews-P7P_Apartment-Ho_Chi_Minh_City.html,,,,,"19f Nguyen Huu Canh Binh Thanh, Ho Chi Minh City 700000 Vietnam",10.78946,106.71053,,,,
French Era Loft In The City Center,https://www.tripadvisor.com/Hotel_Review-g293925-d23047190-Reviews-French_Era_Loft_In_The_City_Center-Ho_Chi_Minh_City.html,,,,,"130 Pasteur District 1, Ho Chi Minh City 700000 Vietnam",10.77476,106.70096,,,,
Hoang Quan Hotel,https://www.tripadvisor.com/Hotel_Review-g293925-d21504033-Reviews-Hoang_Quan_Hotel-Ho_Chi_Minh_City.html,,2.0 of 5 stars,,,"103A/4-460A Hoang Huu Nam Street, Ho Chi Minh City Vietnam",10.87078,106.81418,,,,
Saigon Backpackers Hostel At Bui Vien,https://www.tripadvisor.com/Hotel_Review-g293925-d20372407-Reviews-Saigon_Backpackers_Hostel_At_Bui_Vien-Ho_Chi_Minh_City.html,,2.0 of 5 stars,,,"241/32 Pham Ngu Lao, Dist 1, Ho Chi Minh City Vietnam",10.767692,106.692566,,,,
Hong Van 2 Hotel,https://www.tripadvisor.com/Hotel_Review-g293925-d3751258-Reviews-Hong_Van_2_Hotel-Ho_Chi_Minh_City.html,,,,,"36/2b Nguyen van Linh Street, District 07, District 7 - Phu My Hung / South Saigon, Ho Chi Minh City 70000 Vietnam",10.728204,106.71026,,,,
Foot & Foot Homestay,https://www.tripadvisor.com/Hotel_Review-g293925-d15074393-Reviews-Foot_Foot_Homestay-Ho_Chi_Minh_City.html,,,,,"Nguyen Kiem, Ho Chi Minh City Vietnam",10.76615,106.68131,,,,
Duc Vinhomes,https://www.tripadvisor.com/Hotel_Review-g293925-d21349694-Reviews-Duc_Vinhomes-Ho_Chi_Minh_City.html,,,,,"Nguyen Huu Canh, Ho Chi Minh City Vietnam",10.78777,106.71356,,,,
Ekomo Home,https://www.tripadvisor.com/Hotel_Review-g293925-d26493391-Reviews-Ekomo_Home-Ho_Chi_Minh_City.html,,,,,"102/42 Cong Quynh Street Pham Ngu Lao Ward, District 1, Ho Chi Minh City 71013 Vietnam",10.765147,106.69175,,,,
Hoang Phat Hotel,https://www.tripadvisor.com/Hotel_Review-g293925-d26227866-Reviews-Hoang_Phat_Hotel-Ho_Chi_Minh_City.html,,,,,"Huỳnh Tấn Phát, Ho Chi Minh City Vietnam",10.70819,106.73745,,,,
Duc Vinhomes,https://www.tripadvisor.com/Hotel_Review-g293925-d21349694-Reviews-Duc_Vinhomes-Ho_Chi_Minh_City.html,,,,,"Nguyen Huu Canh, Ho Chi Minh City Vietnam",10.78777,106.71356,,,,
Lan Khue Hotel,https://www.tripadvisor.com/Hotel_Review-g293925-d21138759-Reviews-Lan_Khue_Hotel-Ho_Chi_Minh_City.html,,,,,"22 Duong 270A Phuong Phuoc Long B, Quan 9, Ho Chi Minh City Vietnam",10.828166,106.777725,,,,
E Hostel,https://www.tripadvisor.com/Hotel_Review-g293925-d14199895-Reviews-E_Hostel-Ho_Chi_Minh_City.html,,,,,"28/5 Do Quang Dau Pham Ngu Lao, District 1, Ho Chi Minh City 700000 Vietnam",10.76747,106.69157,,,,
Van Dat Apartment,https://www.tripadvisor.com/Hotel_Review-g293925-d21041004-Reviews-Van_Dat_Apartment-Ho_Chi_Minh_City.html,,2.0 of 5 stars,,,"R4-59 Old Number 22 Hung Gia 3 , Bui Bang Doan Street, Tan Phong Ward, District 7, Ho Chi Minh City Vietnam",10.73242,106.70885,,,,
Kachiusa 2 Hotel,https://www.tripadvisor.com/Hotel_Review-g293925-d21503909-Reviews-Kachiusa_2_Hotel-Ho_Chi_Minh_City.html,,,,,"Kinh Dương Vương No.9, 6B Street, Trung Son Residence, Ho Chi Minh City Vietnam",10.737043,106.690994,,,,
Min Space,https://www.tripadvisor.com/Hotel_Review-g293925-d15074274-Reviews-Min_Space-Ho_Chi_Minh_City.html,,,,,"142 Khanh Hoi Phuong 6, Quan 4, Ho Chi Minh City Vietnam",10.75755,106.70014,,,,
Sen Boutique Homestay,https://www.tripadvisor.com/Hotel_Review-g293925-d23244498-Reviews-Sen_Boutique_Homestay-Ho_Chi_Minh_City.html,,,,,"63B Nguyen Cu, Phuong Thao Dien , Quan 2, Ho Chi Minh City 713000 Vietnam",10.80416,106.72807,,,,
Hi Homestay,https://www.tripadvisor.com/Hotel_Review-g293925-d17697523-Reviews-Hi_Homestay-Ho_Chi_Minh_City.html,,,,,"Cong Truong Quoc Te Lau 3, So 6, Ho Chi Minh City Vietnam",10.78305,106.69608,,,,
Xuan Huong Apartment,https://www.tripadvisor.com/Hotel_Review-g293925-d19857872-Reviews-Xuan_Huong_Apartment-Ho_Chi_Minh_City.html,,,,,"Le Thanh Ton, Phuong Ben Nghe 26A, Ho Chi Minh City Vietnam",10.780274,106.704094,,,,
Bao Ngoc Hotel,https://www.tripadvisor.com/Hotel_Review-g293925-d12495043-Reviews-Bao_Ngoc_Hotel-Ho_Chi_Minh_City.html,,,,,"8 Street No. 6C Trung Son, Binh Hung, Binh Chanh District, Ho Chi Minh City Vietnam",10.983849,106.57591,,,,
Sweet Home 1421,https://www.tripadvisor.com/Hotel_Review-g293925-d19857838-Reviews-Sweet_Home_1421-Ho_Chi_Minh_City.html,,,,,"14/21 Do Quang Dau, District 1, Ho Chi Minh City 700000 Vietnam",10.766775,106.69164,,,,
Ngoc Thinh Hotel,https://www.tripadvisor.com/Hotel_Review-g293925-d21040831-Reviews-Ngoc_Thinh_Hotel-Ho_Chi_Minh_City.html,,,,,"52 Pho Duc Chinh, Phuong Thang Tam, Ho Chi Minh City Vietnam",10.816787,106.69768,,,,
Bao Long Hotel,https://www.tripadvisor.com/Hotel_Review-g293925-d12810909-Reviews-Bao_Long_Hotel-Ho_Chi_Minh_City.html,,,,,"217 Dinh Bo Linh Street, Ho Chi Minh City Vietnam",10.810729,106.70903,,,,
IHome NNP,https://www.tripadvisor.com/Hotel_Review-g293925-d20372119-Reviews-IHome_NNP-Ho_Chi_Minh_City.html,,,,,"80 Nguyen Ngoc Phuong Street Ward 19, Binh Thanh District, Ho Chi Minh City 700000 Vietnam",10.788987,106.70873,,,,
Big Hotel.VN,https://www.tripadvisor.com/Hotel_Review-g293925-d8027232-Reviews-Big_Hotel_VN-Ho_Chi_Minh_City.html,,2.5 of 5 stars,,,"R3-84 Hung Phuoc 2 Phu My Hung, Saigon Exhibition & Convention Center, Ho Chi Minh City 70000 Vietnam",10.746275,106.671906,,,,
Xen Home,https://www.tripadvisor.com/Hotel_Review-g293925-d20878753-Reviews-Xen_Home-Ho_Chi_Minh_City.html,,,,,"66 Le Tu Tai, Ho Chi Minh City Vietnam",10.805399,106.68116,,,,
Eva Hotel,https://www.tripadvisor.com/Hotel_Review-g293925-d23347545-Reviews-Eva_Hotel-Ho_Chi_Minh_City.html,,,,,,,,,,,
Weland Residence Saigon,https://www.tripadvisor.com/Hotel_Review-g293925-d20835020-Reviews-Weland_Residence_Saigon-Ho_Chi_Minh_City.html,,,,,"Aqua 1 Vinhomes Golden River, 2 Ton Duc Thang Street Ben Nghe Ward, District 1, HCMC, Ho Chi Minh City 70000 Vietnam",null,null,,,,
Kha Nguyen Hotel,https://www.tripadvisor.com/Hotel_Review-g293925-d7249043-Reviews-Kha_Nguyen_Hotel-Ho_Chi_Minh_City.html,,,,,"10A Street 2, Ward 15, District 11 10A,Đường Số 2, P. 15, Q. 11, Ho Chi Minh City 70000 Vietnam",10.81393,106.77498,,,,
Hoang Ca Hotel,https://www.tripadvisor.com/Hotel_Review-g293925-d7249048-Reviews-Hoang_Ca_Hotel-Ho_Chi_Minh_City.html,,,,,,,,,,,
Thuy Home in Saigon Center,https://www.tripadvisor.com/Hotel_Review-g293925-d9776035-Reviews-Thuy_Home_in_Saigon_Center-Ho_Chi_Minh_City.html,,,,,"25 539, Tran Hung Dao District 1, Ho Chi Minh City 70000 Vietnam",10.75281,106.67151,,,,
Hotel Kim Sinh,https://www.tripadvisor.com/Hotel_Review-g293925-d16720027-Reviews-Hotel_Kim_Sinh-Ho_Chi_Minh_City.html,,1.0 of 5 stars,,,"75 Nguyen Thong, Ho Chi Minh City 724 Vietnam",10.78053,106.68012,,,,
Hoang Thai Hotel,https://www.tripadvisor.com/Hotel_Review-g293925-d5506739-Reviews-Hoang_Thai_Hotel-Ho_Chi_Minh_City.html,,,,,"56/60 Duong Ba Trac , Ward 2, District 8, Ho Chi Minh City 700000 Vietnam",10.750011,106.68785,,,,
Ngoc Ngoc Linh Hotel,https://www.tripadvisor.com/Hotel_Review-g293925-d23347630-Reviews-Ngoc_Ngoc_Linh_Hotel-Ho_Chi_Minh_City.html,,,,,"Hem 124 Xo Viet Nghe Tinh, 12429, Ho Chi Minh City 7000 Vietnam",10.79616,106.711,,,,
Khach san Duyen Hong,https://www.tripadvisor.com/Hotel_Review-g293925-d13530824-Reviews-Khach_san_Duyen_Hong-Ho_Chi_Minh_City.html,,,,,"38/9B1 Xuan Thoi 3, Ho Chi Minh City Vietnam",10.85852,106.60514,,,,
RedDoorz Truc Huyen Hotel,https://www.tripadvisor.com/Hotel_Review-g293925-d25381237-Reviews-RedDoorz_Truc_Huyen_Hotel-Ho_Chi_Minh_City.html,,,,,"38 Đường số 33, Bình Trị Đông B, Ho Chi Minh City Vietnam",null,null,,,,
Nancy Bridge View A1306,https://www.tripadvisor.com/Hotel_Review-g293925-d16867158-Reviews-Nancy_Bridge_View_A1306-Ho_Chi_Minh_City.html,,,,,"Bridge View Apartment, 167 Tran Trong Cung, District 7, Ho Chi Minh City Vietnam",10.74349,106.73034,,,,
Memory Thao Dien Hotel & Apartment,https://www.tripadvisor.com/Hotel_Review-g293925-d20878934-Reviews-Memory_Thao_Dien_Hotel_Apartment-Ho_Chi_Minh_City.html,,,,,"Vo Truong Toan 2/20, Ho Chi Minh City Vietnam",10.8046,106.747536,,,,
